word,raw_frequency
représenté,1
inverse,9
réellement,4
nécessitent,1
croissant,2
défavorisées,1
arret,1
falloir,2
nianiania,1
conseil,6
réponds,1
répondu,1
serons,6
coûts,1
malheureusement,1
annoncerai,1
concitoyens,4
confondue,1
équilibrée,1
extérieur,1
renfort,1
claires,4
indifférente,1
immergé,1
voyez,40
mouvements,7
presse,11
renégociation,1
actuellement,5
agriculteurs,2
titres,4
bleu,3
confortable,3
fondamentaux,4
cantonales,1
ecole,6
micro,1
usiez,1
destin,6
vendre,3
après,23
clubs,2
aphatie,7
accords,2
représenter,1
policiers,1
conserver,1
désespoir,4
malhonnêtes,1
blablate,1
accorde,2
intervenus,1
siècle,5
moyenne,1
tapie,4
représente,5
saisie,1
casser,3
vend,1
socialiste,28
précis,1
tapis,1
interventions,2
chefs,1
robert,1
ampleur,1
canapé,1
rentrait,1
révolutionnaires,1
italie,4
actuelle,1
assigné,2
particuliers,1
clandestine,3
ponte,3
repartir,1
importantes,2
incohérence,3
amélioration,2
successifs,2
décodent,1
généralement,1
nationalité,11
pitoyables,2
cinq,2
seront,12
téléspectateurs,3
locale,2
disent,16
merah,1
éventuel,1
petit,12
ferai,7
identité,9
quelque,25
voyante,1
pensée,5
plier,3
saisissent,1
incarna,1
excuse,1
lequel,12
estrosi,1
ententes,1
adjectifs,1
artifice,3
fillon,7
catégoriels,1
chômeurs,3
individuel,1
tourner,1
ouest,1
humanisme,1
différencie,1
vivons,5
corrèze,1
soirée,1
maurice,1
lève,1
firent,2
bande,2
structuration,1
garantir,1
enregistrées,1
baby,1
technocrate,1
secourisme,1
approchait,1
instrument,1
chargés,1
accordés,5
quidam,1
jetait,1
essayez,1
principal,1
humains,6
cérémonies,1
plantez,2
opération,4
inquiétudes,1
fixer,1
défait,5
maîtriser,3
vecteur,1
impérieuse,1
tendus,1
vénération,1
discuter,1
piscines,1
valorisation,1
axes,1
pourriez,1
changée,3
lire,3
télévision,3
dire,182
euro,22
compagnies,1
durement,1
idéologiques,4
présenter,3
paieront,1
nécessaires,1
aimé,1
significative,1
graverai,1
débuter,1
commentaire,1
productions,2
cicatrices,1
traditionnelle,2
servent,1
blessés,1
catégorie,1
gravement,1
illégalement,1
ventre,1
bayrou,2
appeler,2
siècles,5
traditions,1
taxe,2
affectifs,1
marges,1
consommation,1
modérés,2
alliez,1
occupation,2
femme,1
fichu,1
allier,2
contrairement,4
guaino,1
casting,2
consacrer,1
conséquence,9
belle,6
sentir,1
parlé,3
délocalisations,4
bandes,2
tiers,1
trouvent,1
croit,1
oppose,2
chacals,2
agis,1
tony,1
heure,6
énergie,5
rends,1
sacrifices,3
menaces,2
circonstances,2
transport,1
certainement,3
portée,2
mettrai,6
stratégique,1
division,7
régions,1
regard,2
politiciens,1
chartre,1
rapports,4
horizon,2
sarkozyste,1
serviles,2
intervenons,3
pluie,2
présomption,4
suicidaire,1
régime,3
inédites,1
régule,1
créer,10
bulgarie,5
parle,18
volant,1
converti,1
mauvaises,2
visait,1
démonstratif,1
irlande,1
inouï,6
relations,5
souffre,1
mariage,15
fortunés,1
ténèbres,3
radicaux,1
diffusé,1
retirer,1
chrétiens,1
demander,3
demandes,1
énorme,1
trimestre,1
réélus,1
disparaissant,1
marquise,1
jurisprudence,1
recommandables,1
statut,3
charge,5
illégitime,1
mettons,1
peau,1
viens,2
réélire,1
tactique,2
vient,8
nomination,3
mouvement,25
œuvrer,1
geste,7
fanatismes,2
beaucoup,56
dirigent,1
méthodes,2
cherchent,6
menace,1
espérer,1
surfer,1
réponse,5
conservatismes,1
recommence,1
flou,3
forums,1
moeurs,1
transformé,1
intelligemment,1
épouse,1
action,12
umps,7
grèce,4
société,12
compresseur,1
parlementaire,1
soigner,1
positionne,1
anciennes,1
égalité,11
coupez,1
utilisent,3
municipale,3
secteur,1
couper,1
garants,2
respectifs,1
regrettable,2
premier,28
efficacement,1
envisageais,1
valéry,1
fermement,1
passage,3
européisme,1
chavez,1
rassurions,1
enchaînent,1
fausse,1
avocat,7
défense,9
largesses,1
convergent,1
bedonnants,2
religieuses,2
collectivités,1
urgence,7
botte,1
aigu,1
groupuscules,2
colossaux,1
reloger,1
positions,2
vénérable,1
experts,6
circulation,3
mission,1
grosse,1
trahissent,1
jalonné,1
attribution,1
laissiez,1
petite,7
millions,17
mortel,1
tiennent,3
combattons,2
concerne,2
patron,3
bretagne,2
contre,85
manif,1
manie,1
opinoins,1
décrètent,1
venir,8
réalité,56
détourner,2
aléas,1
forme,12
émeutes,1
ravage,1
permanents,1
régionale,5
gravité,4
justifié,1
paille,1
enceinte,1
relever,2
permanente,2
laissa,1
complice,4
balle,1
fromages,1
bambino,4
désamour,1
démocratique,10
reviennent,2
hargneuses,1
manifester,1
préparer,1
perdurer,2
apolitiques,1
saxons,1
inadaptée,1
druon,1
irrépressible,1
sapent,1
parachutes,2
qualifié,2
occupez,1
cachait,1
communication,13
occuper,1
commerçants,1
arriverons,4
élémentaires,1
créez,1
disparaissent,2
sortent,1
urnes,3
insécurité,18
rebelles,10
cela,4
bref,1
entendu,19
entends,3
doivent,9
nomenclature,3
réindustrialiser,1
promis,3
importez,1
facebook,2
hauts,3
échéances,1
creuser,1
laissé,5
attendant,2
adhèrent,1
lumière,4
manne,1
construire,1
notamment,23
haute,6
guide,1
clés,1
barre,2
insulter,1
français,300
espèce,2
récupération,1
besoin,13
attendent,3
origine,3
margaret,1
monarchiques,1
agissements,1
désolé,1
huit,1
entrés,1
universités,2
venezuela,1
volontairement,3
agriculture,3
envolés,1
désirs,1
permettre,6
sauf,7
capitalistique,1
permettra,3
surpassent,1
dates,1
prioritaires,2
taxes,6
misères,1
vers,12
impression,7
dossier,1
partageons,1
vert,1
marier,1
citoyens,17
explique,4
disciplinés,1
expérimenté,1
légitimité,2
président,29
amenuise,1
minimale,2
découragent,1
auditeurs,1
bataille,4
commun,7
prennent,4
pasteurisation,1
démenti,1
ravisseurs,1
sens,25
meurt,2
féodal,1
cœurs,1
migratoires,4
production,4
défaire,2
fondement,1
meilleurs,1
esclaves,1
effort,1
cette,28
bravo,1
surprise,1
correspond,2
répète,1
heureusement,1
forfaiture,2
aide,6
infernale,1
réfutons,1
suffira,1
plafond,1
résolument,2
arnaud,1
médiatique,1
nulle,1
terrorisme,6
libres,3
médiatiques,1
expliqué,4
accès,2
préparé,2
ressenti,3
couleur,1
aurions,1
avocate,1
sexuelles,1
approfondie,1
enorgueillit,1
accordé,1
groups,1
reconnaissons,1
frontière,2
avocats,3
annonce,1
voulue,1
prouve,2
galerie,1
prospérer,1
minimums,1
clients,1
pourra,1
hersant,1
quittez,1
naturalisation,1
partenaires,1
orange,2
mondialisé,1
exception,8
géopolitique,1
symbolique,3
aidé,2
dissolutions,1
rassemblement,10
majeur,3
honnête,1
produisant,1
danger,6
criminaliser,1
gratter,1
garonne,1
allemande,2
seuls,16
tombé,1
retrouvé,1
projectiles,1
incontrôlée,3
expliquer,9
homosexuels,8
région,2
directement,7
alourdissement,1
réintégration,1
ravages,4
reste,9
considèrerai,1
dénoncée,1
face,18
contrats,1
puissantes,1
expériences,1
entité,1
intra,2
amenée,2
voudrais,6
christian,1
écouler,1
autarcie,1
appelle,9
expliquant,2
surplace,1
impartiale,1
armé,1
conclure,3
argent,10
commencer,7
nécessaire,6
enchaine,1
encontre,3
enfuir,1
chef,7
mirobolants,1
parapluie,1
retardement,1
évoluons,1
retrouve,3
protection,8
cher,6
croyais,1
tombe,2
excel,1
chez,8
parents,4
essentielle,2
oreilles,1
payée,2
incitation,2
intéressent,1
nivellement,1
rappellera,1
travaillent,1
payés,1
égorgées,1
resté,1
marc,1
personnage,2
plutôt,6
pleinement,2
démantèlement,1
reprochés,1
méthodique,1
final,1
sauté,1
idées,19
jihaddistes,1
nomades,2
parenthèse,1
contraints,1
attaques,1
attaquer,1
sinon,6
opposées,1
ultra,4
arme,3
élémentaire,1
patriotisme,9
chose,43
naître,1
tirer,4
exigences,1
boulot,2
exactement,15
propre,13
côté,12
qataris,1
maroc,2
caste,1
pour,20
étrangère,7
complicité,1
terreau,2
satisferons,1
alignement,1
dise,1
courage,3
armée,10
août,1
zones,3
subi,1
militant,2
capable,12
déficit,4
restructurations,1
deuxième,2
marchés,2
camp,3
termes,3
armés,2
voyage,2
habitudes,2
visée,1
pieds,3
documents,1
vertébrale,2
soutiennent,1
accomplit,1
paquebot,1
solides,1
incite,1
patrie,14
prospérité,6
amnistie,1
medef,2
activement,2
artisans,3
chiraquien,1
excite,1
milliards,8
fâchent,1
expert,1
allés,2
berne,1
médias,3
ayant,6
sincérité,2
allée,3
accuse,3
maintien,2
importante,5
inscrite,1
terre,3
fragmentent,1
université,2
record,1
gorge,1
fondateurs,1
derniers,3
sortie,3
tours,1
signatures,3
luttera,1
sortis,1
sortir,9
raisonnable,2
centre,6
aspirantes,3
intervient,1
éloigner,1
sommation,1
gouvernements,4
marcheront,1
bégaye,1
lentement,1
dixit,1
vocation,4
préférer,1
registre,1
prises,1
capoter,1
ordonné,1
accusé,6
site,1
agace,1
réside,1
mondial,2
agroalimentaire,3
particulier,2
parfaitement,12
envoyé,1
enfumage,1
dirigeant,1
criminels,4
amuser,1
redeviennent,1
fédèrent,1
devrons,2
coupé,3
doigt,4
nigéria,1
accumulés,1
voile,2
désormais,3
analyses,4
disparition,6
populistes,2
guerres,1
européen,10
rendre,11
défilé,2
radio,1
toujours,38
sociétés,6
multiplia,1
enfoncent,1
multiplie,1
brouillard,1
réduction,2
effrontément,1
dénigrer,1
château,1
correspondre,1
changement,5
verra,1
verre,1
hérité,1
soupçon,1
honorable,1
circuit,1
scène,1
ouvrira,1
moquer,1
inspection,1
coups,1
soleil,1
finira,1
réputation,2
dérogatoires,1
souverain,9
annoncée,1
coupe,1
appuyer,1
apolitique,1
esprit,10
manœuvre,5
ouvre,4
repenti,1
élections,17
religions,2
concentration,1
insinuations,1
emmené,1
défile,1
dramatique,5
travail,24
comprenais,1
chapeaux,2
hérisse,1
habillement,2
campagnes,2
assisté,1
fabius,1
bois,2
poignée,2
positive,1
familiales,1
simulacre,1
matière,19
soient,25
lobby,1
stratégies,2
souhaite,3
dubitative,1
explose,1
pervers,1
véritables,1
agitations,1
juive,1
délocaliser,1
stock,1
retraites,2
revenu,1
résistant,1
affirmer,2
dénonçons,2
histoire,24
candidature,1
boue,1
excédent,1
impossible,3
escroquerie,3
flexibilité,1
majors,1
bout,6
bannira,1
dupes,1
islamique,3
famille,10
coté,3
remette,1
vivions,2
organise,2
dispute,1
vécu,3
redevient,1
pauvres,4
taux,1
légèreté,1
échoué,2
abrogerai,1
provoquent,1
filière,1
déchiquètent,1
radote,1
crèche,2
ressentie,1
avance,2
expliquons,1
moyennes,1
attends,3
picardie,1
clandestin,2
désagrègent,1
saisirais,2
blair,1
viendrai,2
attractifs,1
mondialisme,3
londres,2
arriver,6
fortune,3
rencontrer,1
semblant,3
budgétaire,2
fondamentalistes,15
appartenir,1
grandes,16
représentants,2
charte,6
appartient,1
essayer,4
fleurs,1
croyance,1
manifesteront,1
rentable,1
dérive,6
idéologies,2
exorbitants,1
échecs,2
organisé,4
rien,80
particulière,3
municipales,8
confiance,22
utiles,2
exploration,3
pense,82
entendons,1
revanche,10
concrètes,2
décidez,1
titre,5
décider,7
infini,1
toutes,51
milité,1
aplomb,1
lorraine,2
déplore,1
fragmentation,1
intérêts,36
reviendrais,3
mecque,1
ressentons,1
bonnes,5
entamé,1
contradictoires,1
gadget,1
globalement,1
précises,1
allusion,1
vassal,1
moments,2
manifestations,3
réduits,1
atteinte,1
passerons,1
mohamed,1
apparaît,6
profondes,2
imagination,1
sorte,14
calendrier,1
sorti,2
rassemblent,1
sondages,5
expression,6
fournies,1
difficile,8
monétaire,6
goasgen,1
sacrifiés,2
laurence,1
marinières,1
fédérations,2
proclamons,1
irréparable,1
fera,6
assassinat,3
suscité,2
semblent,2
actes,6
brutalement,1
honnêtement,13
demandera,2
civile,2
intentions,1
étude,1
3ème,1
gaminerie,1
ferons,5
feront,2
entend,2
vieux,5
espace,6
renvoie,2
harlem,7
rentabilité,1
ridiculisée,1
rentre,1
financer,5
finances,8
démontrée,1
commencerai,1
déchaîner,1
préoccupations,5
ultralibérale,9
résultats,2
enfants,10
éloigné,1
partielle,1
cassation,1
régional,1
rosière,1
permettant,1
dynamiques,1
instillent,1
mœurs,1
tuerie,1
acte,6
paraît,3
revienne,3
objectif,6
repli,1
louche,1
liste,15
juge,3
devenir,3
seguin,1
permettent,2
intervenir,4
rendue,1
démontrerait,1
défendons,3
mettais,1
essaye,1
auprès,6
disiez,1
mettait,1
légitimes,1
légitimer,1
accroire,1
maîtrisent,2
tranchée,1
banquiers,3
périlleuse,1
signons,1
interroge,2
chypre,1
poursuivrai,1
reprend,2
craignant,1
souviennent,2
gaspillages,1
éthique,1
vérifier,1
isère,1
heures,4
provocation,2
pans,1
énergies,4
sphère,1
périodes,3
psychologique,1
pitrerie,1
accueillons,1
reportage,3
autonome,1
surnom,1
précède,1
planche,1
damoclès,2
présidence,1
shumann,1
exporte,1
détermine,2
posément,1
monétiser,2
anna,1
irréaliste,1
appris,1
fasse,6
violence,10
trahisons,1
rancunière,1
steeve,2
issu,1
opposé,3
chasse,2
soutenait,1
prendra,1
système,28
instant,9
prendre,7
modestes,1
lénifiants,2
multiplier,2
aspirer,1
relire,1
invention,1
absolues,1
péninque,1
galeuse,1
occident,1
sectaires,2
rétrécir,1
croissance,3
argentine,1
serai,11
professeurs,2
battons,2
huile,2
gère,1
mafia,2
blanche,1
carla,3
victoire,2
enfant,2
admis,1
wenner,2
attaquerai,1
immatérielles,1
fondamentalement,1
maladresse,2
essoufflée,1
hydraulique,1
misère,1
attendez,4
totalitarisme,2
verrou,3
millénaires,1
institutions,4
salir,2
cédant,1
rejoindre,4
couve,1
menés,1
agression,1
point,13
fraternelle,1
démontrent,1
comportement,6
indiqué,3
raisonné,1
tronquée,1
décembre,1
toute,44
récidivistes,2
fiscalité,4
errons,1
lorsque,19
profondément,15
archaïque,2
anesthésié,1
donnent,4
ministres,7
combattez,1
tranquillement,1
entraîner,1
désindustrialisation,1
transparence,7
envisagé,1
marbre,1
recrée,1
slogan,4
mienne,3
signifie,7
menée,12
positives,1
remplir,1
paysages,2
consiste,6
fleurons,1
anecdote,2
pris,5
violente,4
boule,1
parce,45
normal,2
esclavage,1
sévères,1
quimper,1
prix,11
callais,1
cogite,1
prie,1
déconstruire,1
devise,1
gouvernants,3
dictatures,1
rantanplan,1
amoureux,2
comprennent,4
sauve,1
bénéfices,1
autel,3
vice,1
cœur,15
savent,3
écouter,1
complaisance,2
béziers,1
écoutez,44
digne,5
constatent,1
absolu,4
envisage,3
fourniture,1
préventions,1
nucléaire,2
nait,3
circuler,1
clair,5
audace,2
pneumatique,1
suivies,1
indépendante,5
porcs,1
survie,5
alternance,3
aura,16
gagnons,1
assumer,2
capitalisme,1
indépendants,1
portez,1
terroriste,2
marche,3
porter,4
portes,2
proximité,1
baissent,1
refuser,3
redressée,1
piliers,2
heurtées,1
obtenu,1
régissent,1
problématiques,5
afin,1
causes,2
donnerais,1
émanation,2
aurait,12
fraudeurs,1
aurais,8
surcroît,1
échanges,1
échos,1
chocolat,1
réformer,1
aimons,1
interrogé,1
individualiste,1
démontre,8
communistes,1
mandela,4
appliquée,6
irais,2
réussite,1
ressort,1
étonnante,2
transférée,1
caricaturale,1
respecté,1
merci,13
emplois,8
expliciter,2
celles,12
habitude,7
garde,5
intelligence,2
parlent,3
marché,6
rigoureux,1
bras,3
tricolores,1
exercice,5
arabie,6
rançons,4
osons,1
coûteuse,1
tribut,1
professionnel,3
proclamer,1
représentant,1
inexpulsables,1
république,40
apparaître,1
approuvait,1
réduire,1
maritimes,1
bourdin,16
structures,2
exécuter,1
pauvre,1
douanes,3
abordé,2
poursuivre,5
capacités,4
votent,5
tolérance,1
gagné,3
rempli,1
armer,2
armes,15
préfiguration,1
fallait,7
condamnées,1
démontré,2
mondiale,4
rappelle,13
propriété,1
séparément,1
disposer,1
espoir,9
sort,4
parfois,13
devoir,1
attachons,2
respecte,7
cheval,1
récupérer,5
rassemble,1
stéphane,4
prioritaire,2
série,1
invraisemblable,1
femmes,3
utilisation,2
dont,50
lutter,11
inouïs,1
fatalité,2
janvier,3
luttez,1
mali,7
inouïe,2
donc,28
suffisant,2
refusé,3
battu,2
assurément,1
adresse,1
brachay,1
processus,6
entendez,1
magie,1
brejnev,1
meuble,1
député,1
rabaissement,1
marre,1
constituant,1
quotidiens,2
agence,1
produisent,2
déclaré,1
style,1
accédez,1
nouvelles,8
pensons,2
échange,6
présidentielle,11
magique,1
règles,9
céder,2
immunité,1
abusé,1
inspirent,1
simplistes,1
rassemblé,1
devants,1
dernières,3
inquiéter,2
dotée,1
ravier,3
écoutent,1
revendiquent,1
édulcorées,1
ministère,6
blanc,2
chair,1
chances,2
préfèrent,1
cures,1
refuse,5
doublons,1
attachés,2
symbolise,1
courrier,2
soupçons,1
anarchie,1
négatif,1
semble,7
deuxièmement,5
adressé,1
continuer,7
horreurs,1
violemment,2
cartes,1
autrement,1
amalgames,2
continuerons,1
acceptons,1
surveillés,1
mérite,8
conditions,17
condamnable,1
aspiraient,1
velléitaires,1
rodomontades,2
montrent,3
antirépublicain,1
décriée,1
chèche,1
confonds,1
pompes,3
centrales,1
individuelles,6
déception,3
rentrée,1
ravi,1
bête,1
ministérielles,1
remarqué,1
souhaitons,1
crise,7
débattent,1
opprobre,1
jouer,2
grogne,1
prudent,1
foie,1
atlantisme,1
sensibilités,1
existera,2
discutable,1
faisant,1
annuler,1
subjectives,1
parler,22
plaire,1
parlez,5
naissent,1
moral,4
minorités,4
progression,3
soignent,1
lente,1
obligation,2
servir,3
anticipés,1
grilles,1
remarque,3
dénaturée,1
devons,8
délinquance,5
formellement,2
victimes,21
désespérance,1
dominent,1
exclurai,1
capitaux,2
automatique,5
alésia,1
enquêtes,1
aimeraient,1
créent,3
attentifs,1
acquise,1
totalement,21
pensants,1
déguisaient,1
morale,7
enlever,1
domaines,2
marquée,2
pertinemment,6
entoure,1
conflictuelle,1
technique,1
comme,11
major,1
voudraient,2
faciles,1
fédération,3
suppression,2
quid,1
leçons,3
perdre,1
retraités,4
adoption,3
communes,5
attendre,4
réveillant,1
attendra,1
couvert,2
adressons,1
guadeloupe,2
semblerait,2
limite,6
enfermer,1
marée,1
récolter,1
pouvons,10
conseillers,7
convaincre,3
1990,1
pacifier,1
purement,2
retrouvions,2
édifices,1
ensuite,1
vérité,16
rapporte,1
quatar,1
rejoint,1
monarchie,2
accusent,1
intègre,1
inquiété,1
irak,3
exprimées,1
argument,2
afghanistan,2
plan,6
places,1
placer,1
direct,1
hommes,9
interminable,1
épopée,2
mettre,42
parisot,1
candidat,8
mettra,1
négociations,3
sûrement,7
ennuyeuse,1
1973,1
respecter,12
total,4
hussein,1
intellectuelle,1
états,3
délocalisation,1
extrémismes,1
second,3
guider,1
général,10
transformer,2
illusion,1
forte,9
remplacée,1
capitaine,3
manche,1
existence,5
drôle,1
appliquent,1
achat,14
forts,1
citer,1
enquête,5
sentaient,1
puissions,2
touchée,1
endroit,1
croire,14
parla,1
volés,1
paresse,1
arbitrage,2
injure,1
obliger,1
arrêtés,2
cible,1
correct,1
affronter,1
trébuchant,1
folle,4
apprendrons,1
réunifier,1
cassagne,1
augmenté,1
construite,3
récuse,2
malsaine,1
exemple,31
pire,8
politicienne,2
forgés,1
corruption,5
européennes,6
désenchanté,1
condamne,3
étiquettes,3
peurs,1
nouvel,2
constitue,2
lourdingues,1
bases,2
plaît,1
villes,2
légistes,1
croisière,1
particulièrement,4
confrères,1
chimiques,3
rend,5
multiples,2
isolement,2
anomalie,1
financés,1
réapprendre,1
empressés,1
conséquences,8
attaqués,1
rompu,1
concurrences,1
attaqué,3
rang,3
assimile,1
thèmes,1
vraiment,5
statistique,1
attendront,1
élection,15
agisse,2
divertit,1
obligatoirement,1
contradiction,2
options,1
modèle,24
condamné,14
réclame,8
adoptée,3
accepterai,1
injustices,1
avaler,1
organiser,5
assez,23
résistaient,1
trains,1
soutenu,3
interdit,5
quelques,22
préalable,1
indépassable,2
redit,1
redis,1
agresser,2
sommet,1
sommes,92
accélère,1
maastricht,1
passation,1
instrumentalisation,1
remettrai,2
séparer,1
assistance,2
récent,1
destruction,4
virulence,1
fondamentaliste,2
médiapart,1
exclusivement,1
obama,1
utopie,3
responsabilités,9
moralement,2
privilégier,1
immense,8
aucune,19
classe,15
pourtant,13
asphyxie,1
considéreraient,1
incapacité,2
place,29
locales,1
accepté,1
inefficace,1
savoirs,3
maux,1
retrouverait,1
passerait,1
affilier,1
jeunes,4
aggravent,3
rhône,1
copé,10
négative,1
sociales,4
diplomatique,1
mien,1
plus,250
erreurs,1
modeste,1
expérience,3
déplacement,2
comité,1
réussir,1
inde,1
documentaire,1
croisés,1
heurtait,1
transmette,2
combats,3
photo,1
compte,29
explosa,1
circonstance,4
définition,7
faille,1
failli,1
stupide,1
patrimoine,6
errances,1
persévérance,1
pacifique,1
devient,2
charles,1
convier,1
fossé,1
accepte,2
échec,8
incantations,1
asile,1
évite,2
etat,30
radicales,1
contrecarrer,1
peine,4
habitants,3
voulu,4
habits,1
adhésion,6
fragiles,2
accueille,1
variable,2
hauteur,2
insuffisants,1
religieuse,3
caractère,2
formes,1
toulouse,2
proportion,1
tournerais,1
opérer,2
mineurs,1
rayonnerons,1
viennent,19
bernard,1
bergère,1
convaincue,6
conseils,5
désignée,1
cassait,1
revendication,2
cherchez,1
yeux,10
effectuer,5
chercher,10
posture,1
mémoire,2
fameux,2
invetissement,1
travers,8
exécrons,1
complémentaires,1
recherches,1
conteste,2
rendrai,1
théâtre,1
personnalités,2
arrête,4
couronne,1
continué,2
gens,45
attachement,1
autorisent,1
intrinsèque,1
bloquée,1
consignes,5
convictions,2
studios,1
nourrir,1
nourris,1
émises,1
voraces,1
brésil,2
travaillé,1
amalgame,5
factieux,1
congrès,2
installée,1
morceaux,1
arrache,1
chérissons,2
accélérer,1
était,76
dure,11
étais,4
félicitait,1
pneus,1
fournissent,1
yvon,1
offrir,1
peux,8
hachette,1
dorian,1
fronde,1
mandat,12
félicite,2
peur,20
financements,1
peut,4
fatalisme,1
enfermée,1
politologue,1
tenir,6
transfert,1
précédentes,1
lancerai,1
autant,9
troubles,1
enfermés,1
drogues,2
austérité,26
desséché,1
dépend,4
appelait,1
diktats,2
vague,4
obtiennent,1
lucide,1
systèmes,1
cris,2
reconnaissait,1
présomptueux,1
course,3
numériques,1
choses,30
trainés,1
solutions,7
sarko,1
crin,1
exprimer,7
manifestants,4
école,20
destructeur,2
rejoignent,4
préfets,1
ruinent,2
feuilles,1
concerné,2
bons,1
racheter,1
antidote,1
projet,20
montre,2
fort,10
protestation,1
défauts,1
réduit,1
environnement,2
prérogatives,2
fondamentale,3
seraient,2
montons,3
rues,3
restera,1
engagements,3
conjonction,1
choix,13
ménage,1
décrié,1
pétrolière,1
charité,2
mépris,2
violant,1
coup,14
sauver,5
anodine,2
acquisition,1
écart,4
estimer,1
darmon,3
outre,6
chaîne,1
fertile,1
inlassable,1
défend,1
élargissements,1
révèlent,1
notre,11
déconnectée,1
facilement,1
medias,1
relâche,1
saïd,2
voire,1
souci,1
débordée,1
formulation,2
certains,22
étroits,1
gauche,52
certaine,5
banquier,1
chiens,2
justice,29
front,108
verts,3
venez,7
saddam,1
vertu,2
multiplication,3
scandaleux,9
réclament,10
profiter,4
sépare,2
loups,1
faiblesse,1
court,1
petites,3
défini,1
cours,5
unanimité,2
acquisitions,1
curieusement,1
exclusives,1
fonctionnent,1
suivent,1
progressons,2
moque,3
investissement,3
parviendra,1
souffrent,3
complexité,1
voitures,3
détériore,1
retenus,2
renseignements,2
jacques,5
leaders,1
impôts,11
actuel,2
centristes,2
criminelle,1
sympathique,1
séparation,2
évidences,1
maires,7
observez,1
complait,1
malaise,3
cherche,5
avis,11
indigner,1
prémisses,1
puiser,2
enfonce,2
manuel,1
meilleur,11
puisez,1
diviser,1
auxquels,2
1980,2
imposée,5
1983,1
stratège,3
option,2
mégret,6
incitent,1
maltraités,1
sympathisants,1
attractif,2
allaient,1
grandeur,7
extraordinaire,4
leonarda,1
leur,1
primaire,2
massivement,1
présenterons,2
jean,19
payées,1
avait,44
appelions,1
agir,2
sujets,14
agit,19
avais,15
franchise,2
ramener,1
lieu,8
soumission,5
libye,16
invitations,1
offensive,1
services,11
pourrions,1
exécutifs,1
profits,1
bankable,1
lien,6
veuillent,2
réducteur,1
cherché,2
auraient,4
venant,3
éolien,3
fanatiques,1
avertir,1
inconsistante,1
électeurs,19
systématique,5
tendresse,1
entreprise,5
organisés,1
rude,1
massives,2
fixe,3
prise,4
livrer,1
intuition,1
pédalo,1
organisée,5
énième,2
bombardements,1
amitié,1
selon,4
condamnée,1
papas,1
rendent,4
moyennant,1
insidieusement,1
dépôt,2
condamnés,1
statué,1
essayant,1
âprement,1
résiste,1
réel,1
programmes,1
candidats,7
démontrer,1
expliquent,2
tour,18
tous,5
candidate,1
tout,9
abus,3
questions,8
illusoire,1
trembler,1
craintes,1
étrangers,5
injustice,4
rappelé,1
retournons,1
reflet,2
bien,222
cliqué,1
intégrée,1
rançon,3
polémique,3
éternelle,2
secondes,1
représentatif,2
permettrait,2
nets,1
quelqu,6
fixé,1
importants,1
hélas,7
accéléré,1
affiliés,1
rompent,1
ainsi,24
absurdité,1
plaisant,1
représentation,1
pédagogistes,1
pétrole,2
supprimée,1
bouquet,1
ouvert,5
vendu,2
classique,1
cessèrent,2
devrais,3
tutelle,6
anticipé,1
oeuvre,6
exécutif,2
apanage,1
retrouvant,1
rabaisser,1
échangées,1
occasion,3
quotidien,4
financier,4
définir,4
rétablir,4
coût,6
stigmatiser,2
entreprendre,2
reconnaissent,3
posez,4
améliorées,1
poser,6
culture,6
année,24
échalote,1
succès,3
sensibilité,2
remarquable,3
dérégulation,1
anathèmes,1
sachiez,1
fraudent,1
jalousie,1
parviennent,1
renseignement,5
clivage,4
annonces,2
salariés,12
vendent,1
contrôle,11
empêche,3
âgées,1
unité,17
sentimentalement,1
décisions,2
redire,1
scandales,1
douloureux,1
protégés,2
régulière,1
agite,1
capitale,1
dilemme,1
conclu,1
saoudiens,1
protégée,1
dégrader,1
centrale,3
voyons,4
individuelle,4
entreprenants,1
populaire,18
meurtrières,1
généraux,1
douze,1
commune,3
défendu,1
connaître,3
défends,2
regardez,5
désobéiraient,1
contrepartie,2
donné,6
défende,4
phrase,3
doucement,1
communs,1
soulevés,1
données,3
socialistes,6
radicalement,5
savait,1
maitre,1
xixème,3
soucieux,1
quasi,1
retire,1
connaissais,3
ouvriers,2
correcte,1
portugal,2
elkabbach,9
millénaire,1
incompétents,2
budgets,1
réfugie,1
votés,1
trouverez,2
communautarisme,13
méritent,1
problématique,3
empêché,1
assisterai,1
ores,1
chacun,15
extrêmement,15
électorale,2
votée,2
midi,1
crois,86
toulon,6
frappée,3
capacitaire,1
déterminer,3
théorie,1
pendant,22
constitution,10
militants,3
sanctuarisé,1
véritablement,2
dira,1
ardue,1
phase,1
activités,2
péremptoires,1
remettra,1
remettre,11
quelle,5
donne,13
refusent,2
perspective,8
consciences,1
discussion,1
kadhafi,1
dorés,2
continent,3
lancés,1
formule,1
sécuriser,1
consommateur,1
sévèrement,1
précarité,4
france,254
bord,3
compassion,3
rapacité,1
lancée,1
subissent,4
intensifier,1
mains,4
différentes,6
patient,1
justifier,1
marchent,2
combien,5
égoïsme,1
consisterait,1
participaient,2
odieuses,1
vœux,6
rigueur,2
garder,1
cohérente,2
censé,1
plaider,3
religieux,3
obsolète,1
cycle,1
affaissement,2
manipulations,1
considériez,1
date,9
produit,3
gouvernement,57
dati,1
fête,1
croyons,7
opinion,12
loger,2
tienne,1
autoritarisme,2
indigne,4
adhésions,1
accueillir,1
parfait,2
rassemblée,2
pudiquement,1
complètement,3
inquiétante,3
illégal,2
courageusement,1
assemblé,2
échiquier,1
communauté,6
communiste,1
délire,1
perdu,5
équipe,1
commençons,2
elkrief,1
prévaut,1
information,6
protectrices,2
simples,4
recréer,4
gilles,1
appareils,1
rejeté,1
fière,1
barbe,1
modernes,1
hier,19
assassin,1
déficits,3
dirige,3
laisse,2
quartiers,3
droiture,1
richesse,1
lisbon,1
allez,7
épouvantablement,1
engagerai,1
portent,3
vulnérables,1
serez,1
antidémocratique,1
professionnels,1
fêté,1
brûlés,1
défendre,13
lgbt,1
augier,1
déplorer,2
proposons,3
exploser,2
retraite,2
tournent,1
spécialistes,2
lampe,1
frappé,1
fonction,2
côtés,5
réjouissons,1
laps,1
portera,1
actions,2
professeur,1
internationales,1
super,1
reprendre,2
cependant,1
indigentes,1
entrainé,3
deçà,1
probité,4
commissaire,8
privé,1
tunnel,2
écotaxe,6
innovante,1
dépenses,8
calais,3
tard,3
?...,1
fondamentalisme,2
intégré,1
autres,56
scolaires,3
contribué,4
supporteraient,1
demandais,1
poudrière,2
compris,21
national,114
fouquet,1
dissolution,8
mardi,1
repentances,2
asservissement,1
fierté,4
ecomouv,1
abrutissant,1
désespèrent,1
taubira,4
taire,6
franchement,2
diverger,1
impôt,1
apprendre,1
omet,1
menti,2
décennie,1
comptoir,2
entraine,2
journalistes,16
opprimé,1
flosse,1
niées,1
aimez,1
introduite,1
contestations,1
textes,1
aimer,2
imposer,11
objet,9
homme,19
commissions,1
tasse,1
tenu,5
rural,1
fixées,1
lapidées,1
études,2
musulmane,1
contestable,2
refuge,1
comment,3
présence,5
saoudite,6
escarcelle,1
musulmans,2
contribue,2
découpé,1
vrais,2
vendredi,1
appliquer,4
envers,2
populiste,1
potaches,1
représentés,2
laïque,1
manifestiez,1
dérives,5
poursuivant,1
effet,2
signes,1
pilule,1
vraie,3
déséquilibré,1
parlerai,1
partage,2
bavures,1
déclassification,1
vieille,1
desquelles,2
poursuivent,1
abandonner,1
salaire,2
minimisent,1
contributions,1
sachent,2
georges,1
destructeurs,1
décidées,1
industriels,3
cautionné,1
commise,1
redressement,4
poursuivit,1
avancer,2
mesurent,1
finissent,3
apparaissait,1
acceptent,1
condition,4
assurer,3
fédéralistes,1
continuent,3
banque,10
délitement,2
bonjour,5
posent,3
présentons,1
interdictions,1
appréciable,1
distribués,2
paient,3
vaut,1
naturelle,3
carnet,2
fécond,2
rangs,1
redresser,2
opportunités,1
périodicité,1
règlementation,1
territoire,19
semblait,1
rejoints,4
achètent,1
bâtiments,1
réflexion,1
valls,7
crocodile,1
sacrifient,1
cellule,1
injures,2
étudiants,1
servage,1
banques,6
autour,3
confrère,1
base,5
éprouvée,1
proposition,5
lobbyistes,1
hypocrite,3
permettez,14
prestations,1
forger,1
démocracie,1
police,4
angleterre,1
personnel,4
concurrence,15
sociale,15
heurter,1
nelson,4
massacrés,1
empoisonnées,1
gagnée,2
majeures,1
virulent,1
mais,171
éduction,1
canada,1
invitée,1
piscine,1
mortifères,1
désir,9
dogme,1
brûlées,1
chinoise,1
rire,1
libération,2
reculer,2
reçu,7
mettant,1
étonne,3
étonna,1
prévoir,2
subversif,1
éventail,1
basculer,1
interviewé,1
quant,2
ouais,4
rendraient,1
financement,2
feuilleton,1
surement,2
quand,17
atout,1
règlements,1
importation,4
personnelle,2
heureuse,3
damas,1
sagesse,3
indemnités,1
toucher,4
lendemains,1
recueille,1
ressources,2
ressourcer,1
vaine,1
obsession,1
nationalités,2
ouvrir,6
ailleurs,117
compteurs,1
injecter,1
inféodons,1
critères,4
homosexuel,7
voterai,1
hôtel,1
rime,2
colonne,2
question,25
balladur,1
baladaient,1
prenne,1
investissait,1
pétition,1
client,3
fouet,1
perdus,1
réforme,3
assis,1
spécifique,1
réitérer,1
vivre,13
afficher,2
creuset,3
contente,2
populaires,2
pluralité,1
galopante,1
touche,7
vais,32
contents,2
format,1
considérée,1
gendarmerie,2
âges,1
retenez,1
pouvoir,65
ménard,1
jours,14
librement,2
instructions,7
marxistes,1
exclure,2
combattant,1
parlions,1
tâche,1
normalement,3
force,1
différente,3
affichage,1
illégale,2
tenus,1
entrées,1
auteurs,1
disparus,1
présentant,1
différents,4
encadrement,1
portées,1
plateaux,3
entre,64
proposera,1
ministérielle,1
islamiste,2
pare,1
complices,3
pari,1
griffes,1
aisément,1
affaiblissent,1
sectaire,1
arriverai,1
levé,1
patrimoines,1
regroupement,2
maximum,1
battre,7
leçon,1
crimes,2
apéro,1
satisfaire,1
évitable,1
multiplièrent,1
apportent,1
catégoriel,1
avère,1
nécessite,1
soupçonné,1
catégories,3
dérangent,1
diffusions,1
arrêter,11
dessinons,1
délirante,1
commis,8
parlait,2
intéressés,4
disparaître,2
manifestement,9
accusation,2
tort,3
assassiné,1
chercheurs,1
paroles,2
autoproclamées,1
pouvions,1
facile,7
principale,3
êtes,19
poussent,1
volonté,22
houille,1
allais,1
allait,12
ménages,1
international,5
tactiques,1
persuadée,1
virage,4
position,6
entourer,1
émettaient,1
tirant,1
moto,1
coupables,2
reconstituerai,1
muraille,1
attendons,3
dépêche,2
transatlantique,1
imaginez,2
nécessité,2
améliorer,3
tape,4
classes,1
imaginer,1
trafiquant,1
préfère,1
retourner,1
certaines,4
privant,1
vide,1
pardon,4
ambitions,6
pleine,2
départ,4
soin,1
adoptant,1
soie,1
bougeaient,1
globe,1
soir,3
prochain,2
ultralibéral,2
importés,1
permette,1
trouvé,5
amaigrissement,1
nations,5
travailler,1
parliez,3
cantines,1
état,8
suite,7
rempart,1
effectivement,22
monopoles,1
papier,4
régler,6
étoile,1
utilisés,1
querelles,1
preuve,9
communautaire,1
consultées,1
utilisée,3
déménager,1
savaient,1
peuvent,17
affublés,1
bowie,1
civique,1
gagner,6
punir,3
gagnez,1
nombreux,8
bercy,3
conscrits,1
pernicieux,1
surcroit,1
explications,4
méprisent,1
léonin,1
noblesse,1
bassesse,1
servitude,2
trouve,23
ceci,6
tournée,1
henri,1
bénéfique,2
thème,1
exactions,1
argumente,1
concours,1
éviterait,1
arguments,1
deux,1
quarante,2
compatissant,1
encadré,1
légales,1
soutiendrai,1
litanie,1
portaient,1
baisser,6
juppé,1
représentée,1
sache,3
œuvrent,2
communion,1
râleries,1
citoyenne,1
examen,3
louis,1
coûter,1
professionnalisation,1
feuille,2
pourront,1
pourrons,2
écrit,2
écoute,1
rejetons,1
matériels,2
économiques,6
plaisir,7
dégoût,2
friche,1
réveille,1
verrons,1
magnats,1
doigts,1
verront,2
ethniques,3
comprenne,1
tenté,1
intérieur,8
distribuée,1
opposition,9
étranglés,1
espère,4
répétition,1
imprégner,1
binaire,1
suppose,2
partageaient,1
reconnaissance,1
emploi,10
connue,2
quittés,1
fiscal,5
naifs,1
dieu,2
première,14
terminé,4
crains,2
agonie,1
servie,1
tarmac,1
absolue,2
brutalisé,1
connus,1
contaminé,1
opposent,2
abrogeraient,1
souviens,2
souvient,1
sacrifice,1
dissuasion,1
déclarer,1
minent,1
mamans,1
nationale,37
abonder,1
pensez,4
organiserai,1
racine,1
penser,5
élèves,1
regrette,1
vichy,1
enterrée,1
avancée,1
exécution,1
longues,1
fragmente,1
municipal,2
conséquent,40
parties,1
fabricant,1
chèvre,1
fouillées,1
multipolaire,1
proportionnelle,4
considérons,3
qaïda,5
collabo,1
bloquer,1
confrontés,2
concret,1
publique,17
sémantique,2
commerce,7
roumanie,4
bolcho,1
paul,1
confrontée,2
durer,1
riches,3
ouvertes,4
alors,53
algérien,2
orientation,1
grille,2
permanent,2
facilité,1
cabinet,2
surfe,1
chemin,11
alternative,3
acceptée,1
chambre,4
bouche,5
suggère,1
regagner,1
détruit,3
bâtiment,1
touchant,1
union,60
modèles,1
inutile,2
automaticité,1
spécialiste,2
augmenter,7
établissement,1
constitutive,1
investir,1
navire,3
prévue,1
desseins,2
postes,4
spécificité,1
rebond,1
faibles,1
dirigeante,1
chevallier,9
atteint,1
plein,6
preuves,6
grandissante,2
considérable,1
exorbitant,1
risque,9
historique,4
vienne,3
tirerez,1
ignorer,1
dirigeants,10
insensés,1
négocier,2
ignorez,1
dévoyé,1
délits,2
forces,15
forcer,1
autoritaire,1
flatté,1
mène,3
antiparlementariste,1
politiques,48
majorité,16
partisanes,1
carbone,1
faut,112
sortez,1
réelle,3
veulent,29
épée,2
portiques,2
saveurs,1
salaires,4
économiquement,2
participez,1
règle,8
participer,5
rouge,3
supporte,2
exigeant,2
générale,7
socle,2
domaine,8
révolution,2
meilleure,3
dépourvus,1
découvre,1
membre,1
intégrale,2
choquant,1
transgression,1
retrouver,11
justement,8
martel,1
tribunaux,3
dominé,1
aperçus,1
trahison,1
aider,5
aides,2
performante,1
également,5
inouïes,2
années,30
pousserai,1
etats,10
connaissez,4
empêchée,1
utilisé,7
existait,2
stopper,2
présidente,3
lamenter,2
divergents,1
attendue,1
cruels,1
peuple,109
connais,1
mensongères,1
présidents,2
attendus,1
admet,1
salarié,1
stratégie,10
disons,6
fussent,1
stop,5
constats,1
ajustement,1
mènerai,1
constate,1
quittent,1
investiture,1
loup,1
chanteur,1
bureau,2
asservit,1
puissants,2
monte,3
nier,2
belliciste,1
subrepticement,2
atouts,2
disciples,1
croissante,2
espéraient,2
étrangement,1
dispose,1
attitude,3
exclut,1
pourquoi,23
exclus,2
honte,2
tolérer,1
réelles,1
trancher,4
utilise,2
accessoirement,2
double,5
assemblée,12
lagaffe,1
constitutionnelle,2
américain,1
pleines,1
assimilation,3
morts,6
mesures,1
promesse,9
passée,1
mettent,2
réarmer,2
traiter,1
plates,1
plaidons,2
universalité,1
haut,1
amorcer,1
passés,1
morte,1
graves,2
avons,46
montrer,3
étonner,2
française,47
commission,4
préservation,1
malhonnête,1
traité,8
détiennent,1
incontournable,1
émirs,2
retrouvent,2
locaux,3
verser,1
œillères,1
budget,8
monté,1
gouverné,1
préside,4
sorcellerie,1
principes,3
souvent,12
espoirs,1
nonchalance,1
dissidente,1
résout,1
dévalue,1
niveau,13
délinquants,5
critique,5
sympathie,3
arrive,3
contraint,3
orientations,4
motivations,1
cumule,1
retirerai,1
effets,5
rayonner,1
chômage,21
celui,27
tranquillité,1
redoutables,1
hallal,1
précisément,2
voudrez,1
submerger,1
esclavagisme,1
europe,35
propositions,3
intérêt,16
farouche,1
extension,1
humanité,2
oublie,1
évidence,4
restait,1
avancées,1
mittal,1
divisent,2
entérinée,1
existe,11
équivalent,1
route,2
moitié,1
têtes,1
appellent,2
législatif,2
caricature,1
étrangères,1
djihadistes,1
gouverne,1
concurrents,1
critiqué,1
étranger,7
invitez,1
obscurs,5
résiduelle,1
arrivé,1
envisagée,1
leurre,2
pesé,1
libertés,9
réflexions,2
partielles,2
monnaies,1
déclarations,1
cryptée,1
vécue,1
transportable,1
certitude,3
figure,2
monsieur,135
parvenus,1
avançons,2
tentée,1
acquis,1
oublié,3
industrielle,3
exigence,2
alerte,2
application,2
davantage,1
oubliez,3
existé,1
croyaient,1
meurtris,1
oublier,7
vivent,7
contribuerai,1
patronat,2
arrivés,4
partir,6
partis,11
formation,1
très,6
comptes,8
compter,2
partie,10
arrivée,3
positionnement,2
regroupements,1
exceptions,1
nuisibles,1
usines,2
1914,1
désolée,1
milliardaire,1
censés,3
censée,2
insertion,1
lesquelles,1
invincibles,3
offre,1
évolutions,1
immédiatement,5
imposés,2
scandaliser,1
caresser,1
référence,1
existent,8
trafique,1
savons,4
débats,7
renaissance,1
moyen,13
loyauté,1
réclamé,2
tant,17
entendue,2
lucides,1
entendus,2
voulez,41
campagne,15
ordres,3
citoyen,1
sociaux,7
repose,1
nationaux,2
lumineux,1
islamistes,7
sera,25
inaptitude,1
prenons,2
déontologie,2
mortels,1
organisation,4
sert,6
recherche,6
sers,1
(...),1
affaire,21
serrer,1
discours,12
engager,3
embargo,1
pain,1
pitoyable,1
irlandaise,1
irai,7
puisque,25
retourne,2
acceptera,1
vitrolles,2
taillée,1
élevée,1
duels,1
sérénité,1
attirer,1
encouragé,1
munitions,1
déliant,1
paraissent,1
thématique,1
permanentes,1
ressemblent,1
oubli,3
poids,3
raison,24
incohérents,1
rétablirons,1
problèmes,13
échelle,1
tribalisation,1
généreuse,1
faits,8
travaillerai,1
auront,4
aurons,2
détermination,2
abord,40
licencié,1
avenir,19
bolchévisme,1
révolutionnaire,1
technologique,1
développement,1
exercices,2
terrain,5
méritait,1
psychologiquement,1
opposés,2
réprimée,1
protégera,1
longue,5
immédiate,2
suicide,1
relocaliser,1
jugés,1
migratoire,1
devienne,1
évoqué,1
satisfaction,1
émergence,1
strictement,10
évoquer,5
appelés,2
nombre,41
créateurs,1
rebondir,1
vidée,1
respectez,2
poursuite,2
recompose,1
nauseam,1
directe,4
idée,6
soudan,1
époque,6
gogo,1
muscles,2
gouverner,2
boutique,2
faiseuses,1
durant,1
valorisera,1
morue,1
courir,1
cohérence,2
concrètement,4
touché,3
méditons,1
imposant,2
nationalistes,1
chargé,2
horreur,1
empêcher,3
accentuer,1
recommencement,1
délit,4
horaires,1
moment,22
comprends,8
wahhabisme,1
listes,6
secrétaire,3
culte,1
effrayante,1
choquait,1
hériter,1
renflouement,1
tenues,3
payent,2
sérieux,6
récupère,1
déclencher,1
battent,1
progressive,1
montré,2
accordent,2
civil,1
février,2
montent,2
combat,16
perd,1
déloyale,7
critiques,2
inquiète,3
témoins,2
directives,5
quarantaine,1
affairiste,1
empire,1
arrivait,1
commandement,1
allemands,2
bâtit,2
irréprochable,1
rêvait,1
espérant,1
anticipées,1
initiative,11
renégociant,1
votant,3
rassembler,4
constituer,1
envoyer,3
arrêtée,1
marchandisation,1
planer,1
joie,1
facture,1
prenez,3
bruxelles,5
stigmatise,1
machine,2
personnalité,2
pourrais,4
immenses,1
fassent,2
brillamment,1
plusieurs,5
innocent,2
extraordinaires,1
chers,19
plombe,1
taper,1
remerciés,1
activité,7
fonctionnement,3
propriétaires,1
vaniteuse,1
démocrates,1
succède,1
polynésie,2
récession,1
liens,3
outil,3
destination,1
consistent,1
ultrarentabilité,1
poison,2
dignité,1
rouleau,1
souvenez,1
économie,16
clandestins,2
dépassée,2
inégalité,1
influence,6
rejetée,1
chance,2
shirts,1
suisse,6
léonetti,2
milliers,2
oserai,1
sénat,5
dissout,2
embauches,1
ferme,4
cesser,2
étrange,3
définitivement,1
géostratégiques,1
pêcheurs,1
guérini,1
voterais,1
légal,5
logement,5
sanctionnée,1
cumul,1
alliés,5
triomphant,1
rencontre,5
libre,27
porte,9
massive,12
conduites,1
caniche,2
infligent,1
frappe,2
respectent,2
absolument,29
chapitre,1
françois,36
dissuasive,1
ruiné,2
dumont,1
réagisse,1
chauffait,1
alliance,3
images,4
impérieux,1
affaiblir,3
internet,2
uniquement,4
considérablement,2
affaiblie,1
suspendre,2
rapidement,2
genre,9
proche,1
sanction,8
miracle,4
changer,12
désespériez,1
sereinement,1
négation,1
ébahi,1
insupportable,3
informé,1
pavé,1
étonnant,4
dissimuler,1
mourir,3
spéculateurs,1
photos,1
quoi,1
porté,2
public,8
publie,1
simplement,4
devenait,1
loyale,1
utilisées,2
appartenance,2
dangereuses,1
crime,6
parait,2
ruine,1
2008,4
parais,1
bonne,12
territoriale,1
2005,3
2007,1
2000,1
remettent,1
2002,2
apporte,3
modes,2
répétitive,1
clarté,2
bonheur,3
espaces,2
profession,6
courageuse,1
prédateurs,2
modem,2
pensaient,2
allemagne,11
florence,1
ordre,13
reculerai,1
entièrement,1
fauteuils,1
ressemble,2
terminer,9
accord,27
voudrait,3
indiquer,1
différent,1
émissions,1
reculent,1
génie,3
pourrait,4
presqu,2
groupuscule,2
lointain,2
volontaire,2
exemptés,1
pousse,2
jeter,1
nuit,8
faïence,1
perdent,1
quitté,2
jugeront,2
trafic,3
développent,1
trois,8
trafiquants,1
excellence,2
compétitivité,3
féodalités,2
prévu,1
abandonné,2
tenter,8
soutenons,1
priver,1
partout,12
électoralistes,1
laquelle,15
révèle,1
cadres,1
déceler,1
rupture,7
compliquées,1
soviétique,2
sensibles,2
cessent,3
exclusifs,1
conflits,1
lignes,1
manches,1
demain,24
benoitement,1
stigmatisation,1
groupes,7
gendarme,1
écrire,1
jamais,47
charia,4
visiblement,1
lecture,2
expliquerai,1
mené,4
anodin,2
positionner,1
quitte,1
dalongeville,5
faudra,5
efficace,4
reporters,1
nouvelle,17
accroche,1
obéir,1
variées,1
billets,1
changent,2
vain,1
bipolarisation,1
chimène,1
notoriété,1
naturel,2
espérés,1
projets,2
pied,2
naïve,1
étiquette,2
vouloir,5
épargnerai,1
diplomatiques,1
discuté,1
illégitimes,3
entamerai,1
pareils,1
avantage,1
spécialisé,1
hypothèses,5
hyper,1
engagés,1
travailleurs,7
ridicule,2
baptisée,1
neuilly,1
viole,1
repentance,3
admettre,6
propos,4
beaux,1
tombent,2
finance,16
symposium,1
cerveau,1
patate,1
exiger,1
contestation,1
associe,1
régner,2
laissent,2
payé,5
éparpillés,1
organisées,2
dose,1
indécentes,1
canaliser,1
financière,1
genoux,1
autrefois,1
poserait,1
soumis,6
dévaluent,1
victoires,3
brisée,1
ensemble,26
vicieux,1
dirigeait,1
serions,2
fermeté,2
enseignants,3
encouragent,1
contester,1
conscients,2
caves,2
marquer,1
bafouer,1
soutes,1
barjot,2
préserver,2
précisés,1
défaites,1
culpabilise,1
ultralibéralisme,8
caméras,2
financé,1
exercer,1
voisins,1
rayonnement,1
lisent,1
gray,1
napoléon,1
témoignage,1
dénoncé,2
restaurer,1
affrontements,2
paye,2
étonnera,1
urgences,1
fermes,1
électeur,1
supprimons,1
pays,105
etienne,1
ambages,1
constante,1
oublions,3
1905,1
saxonne,1
2013,14
2012,4
giscard,1
adaptée,1
2014,4
jeunesses,1
terminent,1
silence,2
élément,2
plateau,2
luttons,1
participant,1
effondre,3
admire,1
indigeste,1
robe,1
gratuite,1
cohérent,3
brute,1
ligne,3
appauvrissement,1
augmentation,12
dingueries,1
guise,1
rabâche,1
résumé,1
mort,9
surtout,20
proposé,5
portait,1
amitiés,2
solution,3
disais,3
srait,1
disait,2
collective,6
direz,2
peillon,2
confirmation,1
mélonchon,1
puisqu,14
honneur,5
livrent,1
discussions,3
avoue,4
appétits,2
adversaires,8
dévaluer,1
bouvines,1
chantre,1
aptes,1
entreprises,11
financiers,3
mettez,2
consacré,1
importerons,1
diminution,2
vendez,1
gratuité,1
oise,3
million,3
individus,5
vise,8
celle,19
aise,1
fréquentable,1
continuité,2
héritiers,1
nourriture,1
boutiques,1
oppression,1
propose,6
choque,2
faible,4
content,1
prêter,2
prêt,1
islamisme,1
tracé,1
visera,1
économique,31
dernier,6
fatuité,1
corée,1
fortes,1
méprisés,1
veuille,1
importance,5
parcours,1
jusqu,6
difficiles,4
compétition,3
suffisamment,1
entrepreneurs,3
menacée,4
urgentes,1
mise,12
sahel,1
analystes,1
péjoratif,1
installer,2
progrès,2
goût,1
montebourg,4
choisis,1
choisit,1
mollet,1
principaux,3
affaiblissement,2
abat,1
central,1
choisie,1
extrême,29
plaindre,1
égard,7
bestiaire,2
maintenir,3
sérieuse,1
chaleureux,1
casier,1
salut,1
ceinture,1
adversaire,1
cultivent,1
aveu,4
bénéficié,1
délinquant,3
craindre,1
derrière,2
groupements,1
pneu,1
sévit,1
terroristes,1
troublés,1
voler,1
minoritaire,1
honnêtes,3
pinçant,1
obligés,2
diable,2
crédo,1
glorieuse,2
obligée,1
demande,20
biais,1
allocation,1
fiscale,10
argumentation,1
considèrent,5
dumping,8
ennemi,1
notion,1
gants,1
cornes,2
inadmissibles,1
réagir,1
jérôme,1
barbarie,1
économies,2
magistrats,1
fraternisation,2
prêtres,1
sources,1
métronome,1
constitueront,1
coins,2
identités,1
sait,21
ineptie,1
leurres,1
espagne,4
privatiser,1
retrait,2
hautes,3
porteurs,1
intéressantes,1
utilitariste,1
patrons,5
trafics,1
plaies,1
intéresse,9
mobilisés,1
indispensables,1
juger,3
mènent,3
justifiant,2
plaque,1
vitae,1
salué,1
indivisible,2
ruraux,1
liberté,43
jeunesse,6
chirurgien,2
personnels,1
groupe,5
euros,11
préjudice,3
laissée,3
opposerait,1
alimentent,1
cause,12
idéal,1
moteurs,1
stupéfait,1
créé,2
supportons,1
réserve,2
brutal,1
qualités,2
tarifaire,2
laïc,1
émotion,1
chute,1
occurrence,11
chinois,8
barrage,1
social,14
intention,1
gêne,1
racisme,4
percevez,1
protège,4
pratique,2
sombre,2
autoriser,1
addition,2
recours,2
acteurs,1
engagée,2
ininterrompue,3
regarder,8
risible,1
divisions,4
sentiment,13
injustement,1
milieu,1
glorieux,1
rédigé,1
instruction,3
internationale,13
crée,4
situations,1
origines,4
divers,6
rejointes,1
instances,1
frontières,36
promesses,12
descente,1
lourd,2
géométrie,1
vidé,2
possible,17
perdiez,1
roms,4
entrainerait,1
transmission,4
délétère,1
tombés,1
lanterne,1
venu,2
mondialistes,2
repris,1
ahurissant,1
escalade,1
baisses,2
indignation,5
delà,7
géré,1
contrôler,3
meurtres,2
hollande,41
cinquième,1
long,4
éventuellement,10
proposer,1
ferments,4
pourcentage,2
situation,30
santé,4
suivants,1
rendu,2
désordre,2
souveraineté,30
défaitisme,1
électricité,2
cohésion,1
soldats,2
investies,1
immigrés,1
méprisantes,1
partiale,1
générations,1
redressées,1
psychiatre,1
maréchal,1
combattre,7
enfumages,1
impardonnable,1
sociétaux,2
nausée,1
message,5
nuptiale,1
dédouaner,1
rassure,1
effondré,1
pontifiantes,1
important,5
individu,1
devez,1
déterminées,1
comportements,3
inappropriée,1
détournés,1
quotidienne,5
correctionnel,1
maire,5
comprend,2
attaque,1
bruxellois,2
empreinte,1
haines,1
bombes,1
renoncement,1
divinatoire,1
sent,3
adhéré,1
participe,1
objectifs,15
francisque,1
désillusion,1
réguler,1
défenseurs,2
seconde,5
terroriser,2
spirale,1
mets,1
effectuées,3
mobylette,1
démocratie,28
demeure,6
réprimées,1
asservi,1
attentive,1
implantation,1
usine,1
serait,17
père,1
agricole,2
étant,4
moderne,1
récidiviste,1
serais,4
pétainiste,1
marigot,1
défenseur,3
vulgarité,1
intéressant,8
salutaire,1
divorce,2
faire,153
quel,4
évident,5
noires,1
exporter,1
séparent,1
renouvelé,2
favorisée,1
idéologique,2
conférence,2
crédit,1
secret,3
schengen,5
manipulation,2
moralisation,9
exclusif,4
savoir,28
dévastatrice,1
spéculation,1
tournerai,1
amis,28
arbitral,1
enfance,1
accueil,1
amie,1
gros,5
battrai,1
déplait,2
malheur,2
uniformisation,1
parfaite,1
concernent,1
pièges,3
marseillaises,1
politiquement,6
événement,1
compétente,1
près,12
noir,1
briois,2
confondues,1
foot,1
connexion,1
inversées,1
jachère,1
réunion,1
apprenne,2
façon,7
meilleures,1
novembre,1
instaurer,1
laisser,15
essentiels,3
désaveu,1
salengro,1
démocratiques,2
laissez,1
permet,10
chère,1
espérance,10
scolaire,2
grâce,12
constitutionnel,2
électorales,2
explosions,1
chatel,1
prime,1
chirurgicalement,1
mises,2
miser,1
éclairer,1
pensance,1
nord,4
égale,1
remplaçant,1
notions,1
pharmaceutique,1
relier,1
nôtre,2
épouvante,1
lorsqu,25
trouvons,1
adresses,1
pensé,1
laissant,1
perçus,1
incarcération,1
violents,1
certain,34
procédures,1
réminiscences,1
redressera,1
fonctions,1
antithèse,1
criminalise,1
guerre,23
mots,5
valeurs,12
remercie,2
bijoutier,1
avouez,1
construction,3
rebellés,1
otages,9
contestez,1
réussi,3
saturation,1
inquiétant,2
catin,3
viendra,2
inspecteurs,3
partant,1
berlin,2
planétaires,1
capitales,1
nommerai,1
décision,6
voix,13
convaincrons,1
accumulé,1
changé,4
éditorialiste,1
bourguignon,1
marseille,5
intervenu,2
ultralibéraux,2
culturel,2
fondamental,2
friches,1
imposées,3
éducation,2
connaissent,2
dauphin,2
nation,40
marques,1
claire,7
sarkozy,38
evidemment,4
artificielle,3
territoires,5
entier,6
lointaines,1
coupable,6
affair,1
bush,1
ouvrez,1
colère,4
pronostiqué,1
extrémistes,2
membres,3
espagnole,1
villeneuve,3
comprenez,2
cinéma,1
nombril,1
auxquelles,4
adapter,2
caractérisé,1
funeste,2
actionnaires,1
scandaleuse,1
rôle,11
liées,2
cherchons,2
dénoncer,9
contraires,2
libyen,2
change,7
forment,1
établi,2
réalisation,1
parisienne,1
souvenir,3
ajoutée,1
visage,1
intervention,10
doute,2
jospin,1
éclat,1
peinture,1
historiquement,2
métropole,1
équilibre,3
devriez,2
dommage,2
fonctionner,1
prévisions,2
épreuves,1
demie,1
démantèlent,1
drapeaux,4
partent,1
suspension,1
clairement,21
députés,14
accepteront,2
pronostique,1
sine,1
élue,1
respectée,2
arrestations,1
redevenir,1
tragédies,2
élus,13
indépendance,7
bompard,2
abandon,5
minoritaires,2
substitué,1
prévention,1
apprentissage,1
revient,2
mobiliser,1
criminalité,2
industrie,8
billy,2
dans,22
commercerons,1
institution,1
nationales,2
armées,2
bafouée,1
renouerai,1
représentons,2
nôtres,3
décidé,2
multinationales,4
gentil,3
maitrisez,1
frais,2
valoir,1
ecoutez,12
sentent,3
liés,1
ferais,2
journalisme,1
ferait,2
gains,1
plongée,1
indispensable,3
rudesse,1
globale,1
adeptes,2
venues,2
augure,1
invité,1
remettant,1
norme,1
privilégiés,1
compatriotes,15
claquage,1
soupé,2
libérés,1
réhabilitent,1
signale,2
combatte,1
catalogues,1
dépréciation,1
aidés,4
livre,3
textile,3
retirée,1
ennemie,1
droite,9
indiscipline,1
resplendir,1
trouver,10
commentateurs,1
ennemis,1
droits,8
soit,67
trente,2
respectueuses,1
faisons,3
aboutit,1
décide,3
mariages,2
autorisés,1
arsenal,1
réfléchir,3
diluées,1
vulgaire,1
cabana,1
aller,34
nouer,1
xxième,1
pléthorique,1
engagées,1
saccagé,1
fermer,1
brûler,1
photographie,1
consommateurs,2
mestre,1
menées,1
opposants,1
invite,1
responsable,16
signer,2
plaide,2
supprimer,5
militairement,1
télés,1
porteuse,1
complaisante,1
devenu,8
promouvoir,1
confrontent,1
détruire,3
remboursement,2
finirait,1
appartiennent,1
symbole,5
étend,1
envie,8
injuste,2
essence,2
atterrés,1
tombez,1
ayrault,5
devant,23
légitime,5
rabougri,1
fier,1
surévalué,3
traitée,1
communicants,1
traités,1
permanence,2
avaient,17
désunion,2
enseignement,2
progresse,2
élites,14
gagnant,1
talents,3
employés,1
respect,11
producteur,1
difficulté,1
dépasse,2
exaspération,3
ralentir,1
promenade,1
faussée,2
détecté,2
oubliés,5
arrêté,1
propres,6
conduire,1
apporter,9
méthode,3
devront,1
2011,4
multiculturalisme,2
grand,35
jurisconsultes,1
militaires,1
créés,1
construit,3
laxisme,9
ancien,4
rythme,4
journal,1
allé,3
média,1
arrière,3
protéger,7
célèbre,1
achèverai,1
demi,5
mariés,3
veule,1
rendait,1
refusera,1
musulman,1
condamnations,2
réintroduit,1
détriment,4
syndicat,1
difficultés,3
faux,14
intermédiaire,7
présent,2
féroce,2
blessantes,1
interrogent,1
commencé,4
supplémentaire,1
conception,4
regagne,1
départements,2
impose,3
planète,2
écho,4
portrait,1
prononcés,1
résous,1
certes,5
rédactions,2
utilité,1
piège,7
efficacité,2
réserver,1
annexes,1
angoisse,1
résistants,1
hostiles,1
faute,7
futur,2
premiers,2
élargissement,1
minimise,1
enfin,49
cambrioleurs,1
lampedusa,2
désengagement,1
chantiers,1
commet,2
princesse,1
dessine,1
adorez,1
négociables,4
décomposition,1
gangrène,1
suivons,2
récompensé,1
hydrogène,1
type,12
nicolas,32
démontreront,2
commence,6
sûre,11
vocabulaire,2
imposé,5
lancer,4
souveraine,6
qatar,5
lisibles,1
venue,1
législatives,7
financièrement,2
langue,3
protectrice,2
venus,1
dérèglement,1
affaires,15
idole,1
sourire,1
points,7
saint,3
files,1
européens,14
relent,1
beaumont,6
partisans,2
pointe,1
frôlé,1
attarder,1
quotidiennement,1
réaction,1
signal,1
fais,6
énormes,2
avoueront,1
poste,3
procès,5
parti,34
faim,1
loin,15
expriment,1
textiles,1
vème,3
relève,1
paroisse,1
italiani,1
concorde,4
signé,1
thatcher,1
attias,1
lourde,5
assume,6
dirai,1
chou,1
critère,1
manifeste,2
choc,1
provinces,1
engagement,2
paumé,1
humaniste,1
incapable,3
bienvenu,1
profit,6
perspectives,1
quelles,1
pardonnez,1
favorable,2
eglises,1
menons,2
otan,1
cupidité,1
estaing,1
renforcer,2
humaines,1
distinction,1
associations,6
prendrais,1
signent,1
lobbies,2
responsabilité,24
avez,30
pénale,3
pose,7
exprime,7
assumé,2
légalement,2
otage,1
bénéfice,5
avec,3
collectif,9
manifesté,2
répéter,2
démarche,3
cohen,9
démoralisation,1
marie,14
neige,1
priorité,9
préau,1
mauvais,3
incompétence,1
ministre,28
responsables,21
punaisé,1
priori,1
personnellement,1
arrivent,4
atteindre,5
atteindra,1
jugements,1
vercors,1
capacité,6
subie,1
pouvez,7
effondrer,1
surveillance,2
passion,1
vous,65
issue,4
verdâtres,1
subir,2
anciens,6
surfaces,1
orient,1
objectivement,6
pouvait,3
ambition,1
souffrances,1
inscrit,1
élite,1
exportations,1
remèdes,1
apparaissent,1
épouvantable,5
ouverte,1
étonnantes,1
souffert,1
diffuser,2
soumettre,5
militaire,6
archaïques,1
dessinée,1
passe,23
doutes,2
douter,2
accepter,1
biologiques,1
dette,16
patriote,6
jouent,2
publier,1
vois,15
voit,16
référendum,21
réalités,5
grande,24
cellules,3
anonymes,1
échappé,2
républicain,11
économistes,1
unique,7
revenir,6
proposées,1
grands,20
assurance,1
journaliste,4
comporte,1
frappent,1
marins,1
vision,10
familles,3
pigiste,1
guerrière,1
aggraver,1
intégralité,6
marine,4
pacte,2
matins,2
paysans,4
manifestation,8
préoccupation,3
oiseaux,1
européenne,62
accompagné,1
répondre,8
passé,17
quatre,6
décideront,1
déciderons,1
exposer,1
corrompue,1
contournement,1
cahuzac,15
affirme,2
bouchet,1
bouches,1
corps,1
sincèrement,2
profond,1
entretenu,1
libéralisme,3
finalement,1
banlieues,3
regards,1
emprunts,2
obligé,2
régimes,1
syriens,2
égorgé,1
scrutins,3
éteindre,2
piste,1
attentat,1
transmet,1
dominée,1
cambriolages,2
livrant,1
fascisme,1
tragédie,2
médiocres,1
remise,2
faillite,2
pierres,1
gestion,5
grosses,1
redonne,1
dégonflés,1
gardiens,2
dessus,4
parent,1
voulons,13
mélangez,1
islam,1
attention,2
offert,1
essentielles,3
rémunération,1
épouvantables,1
symboles,3
regarde,3
spectaculaire,4
voté,7
redonnerai,1
lèvent,1
endroits,2
sais,44
analyse,5
mesuré,4
portugaise,1
mandats,3
notes,1
seuil,1
célébrons,1
même,4
totalitarismes,2
défendent,6
draper,1
présents,5
juridique,1
vertueux,1
redonner,11
probablement,18
dérouler,3
torts,1
voulait,4
éminemment,2
rester,6
tribunal,3
réarmement,1
vents,3
avide,1
moyens,8
engage,1
déclarent,1
présente,3
mafieux,3
exprimée,1
contemporains,1
suit,1
bannir,1
suis,69
raisons,9
déjà,31
agissons,1
véritable,9
zéro,1
résignons,1
tournerons,1
cercle,1
douane,1
cacher,1
pille,1
oukases,1
caches,1
effectue,1
annonçant,1
vote,18
regardé,2
erreur,5
rois,2
renvoyer,2
hypothèse,6
soldé,1
retomber,1
laxistes,1
présenté,1
mesure,10
section,1
insiste,1
désespère,1
uniques,1
permettrai,1
voilà,84
mêmes,27
climat,1
glissant,1
univers,1
animateurs,1
engagé,2
travailleur,1
anarchique,2
optimisation,1
diffamation,3
traduire,1
adhérents,1
secteurs,2
harmonie,1
suivre,2
fixée,1
appliqué,1
aggravation,5
reconnues,1
chirac,5
assument,2
municipalité,4
détestable,1
plongeait,1
scolarisation,2
conduite,1
chiffres,2
chiffrer,1
bénéficient,1
journaux,4
mentir,1
minutes,4
dégradés,1
hexagone,1
désordres,1
déclin,1
présentée,1
réaffirmer,1
nomade,1
remorque,1
fondamentales,1
score,3
godwin,1
suspendons,1
considérations,1
résister,1
extraction,1
prend,7
tendancielle,1
chérie,1
fonctionnaire,1
corrompues,1
restez,1
déposé,2
sans,4
savez,32
impartialité,1
puissance,6
sang,2
frontisme,2
histoires,1
relancer,5
somme,5
pénalement,1
aggrave,2
matin,5
crédible,5
pèsent,1
franc,3
remplissent,1
représailles,1
richard,1
épargnés,1
degré,1
inconséquente,1
quasiment,8
baguette,1
ferré,1
diversion,5
redonnant,1
investi,1
éternel,1
assister,1
proportionnel,1
respectabilité,1
entière,4
travaillions,1
manœuvres,1
poil,1
grossir,1
religion,7
grossit,2
auguste,1
brebis,1
afrique,3
finir,4
aujourd,111
apprend,2
sclérosé,1
manque,3
chaine,1
reconnaître,1
personnages,1
italienne,2
tromper,3
célébrer,2
puissances,2
métaphysique,1
cessa,1
trompez,4
retrousse,1
cesse,12
concentrent,1
insurgés,1
pédagogie,1
inter,1
rhin,1
salafisme,1
chutes,1
schiste,1
logique,4
aime,3
texte,11
rétroactivité,1
récupéré,1
entendre,3
réformes,1
service,13
honteux,1
macramé,1
premièrement,1
communautaristes,4
noms,3
humble,1
lesquels,6
acheter,3
destinée,1
dissoudre,2
comparaison,2
permis,4
soutien,8
patrimoniales,1
studio,1
déstabilisée,6
cessé,1
temps,42
achète,1
lassitude,1
réélu,3
rapides,1
élire,5
pacs,2
conscient,2
accèdent,1
retour,10
hurler,1
mercantile,1
préférence,1
mois,19
batailles,2
batailler,1
tendance,4
réitère,1
déconstruction,1
désillusions,1
1870,1
stupidité,2
augmenterait,2
assad,7
prison,4
mollesse,1
verrait,2
publics,11
profonde,1
structure,1
trompés,5
naturalisations,1
répétant,1
quiconque,1
serment,1
produits,4
rémunérateur,1
tranchent,2
interne,3
saignée,1
renonçant,1
obtenir,5
exprimé,5
lance,2
apôtres,1
association,3
légalité,1
insurrection,1
duquel,1
heureux,4
dévaluation,2
préférais,1
américaine,2
communautariste,1
sondage,1
américains,5
jeanne,4
procédés,1
haine,2
déclinistes,1
disparaît,1
joue,2
donnerai,1
logements,6
dissuasions,1
répandue,1
civilisations,1
cohorte,1
cadenassé,1
désastre,1
réfugiés,1
fraudes,1
presque,4
revendications,1
réduisait,1
collectives,1
écoutiez,1
pôle,1
hausse,2
comptais,1
pessimisme,1
étés,1
enfermement,2
parlons,4
systématiquement,4
lybie,5
blague,1
devait,3
migre,1
accumulait,1
géopolitiques,1
inutiles,1
critiquable,5
rythmes,1
théories,2
refus,3
continue,4
critiquables,1
revoir,1
savants,1
détention,2
quelconque,2
paysanne,1
informer,1
airs,1
noyer,1
futures,1
gloire,5
toulonnais,1
proposée,2
lâcheté,1
électorat,2
croyances,1
rabaissée,2
hein,35
tenons,2
risques,4
choisir,3
pensent,9
entraînent,1
indépendantiste,2
positif,1
maitresse,2
acteur,1
éléments,4
transmettent,1
croyez,8
françaises,11
comprendre,9
dent,1
invente,1
programme,4
allons,11
blasphématoire,1
tableau,1
mercantiles,1
obéira,1
vannes,1
déloyales,2
deviné,1
idéologie,4
bientôt,2
renaisse,1
évitent,1
simonpieri,3
mutinerie,1
diversité,2
fléchir,1
capables,4
intelligents,1
large,1
explication,1
développer,2
touchent,1
souffrance,3
fonde,1
qualité,1
apparu,2
effective,1
enchaînements,1
fonds,3
protectionnisme,15
francfort,2
injustifiable,1
inextricablement,1
conflit,3
caudines,1
exister,4
moribonde,1
banlieue,1
simple,15
siennes,1
constater,5
préservé,1
gouvernementale,1
encore,8
rappelant,1
solitude,3
version,1
nous,82
farouchement,1
principe,4
anglais,3
privés,1
devine,2
soyons,3
électoral,2
réussites,2
réglée,1
arreckx,1
nommons,1
plans,3
contrat,4
entiers,2
ouvrent,1
déclarez,1
résiliation,1
mauvaise,5
conclusion,1
marion,1
naturellement,1
défaite,1
fabriquer,5
nécessairement,2
peuples,15
aperçoivent,1
tuer,3
allah,1
fronts,1
apaisement,1
partenaire,1
privée,4
ouvrant,1
immobilisme,1
attachée,1
prochainement,1
exportait,3
fraude,3
passant,1
dessiner,2
image,5
précise,1
essaie,5
enracinent,1
hésitent,1
pressions,2
maintient,2
sonnant,2
voyant,2
maintiens,1
rouages,1
réunis,1
réunir,1
réunit,2
massacre,1
referendum,11
compétitifs,1
essentiel,3
arrêtez,2
cent,1
entraves,1
solide,3
attaquée,1
supprimé,3
patriotes,12
satisfaisite,1
illuminait,1
opinions,6
mangé,1
commande,1
maitrise,6
périls,1
subsistent,1
coûte,1
condamnation,3
excusez,13
petits,2
substituer,2
semblable,1
appliqueront,1
accusés,1
obstacle,2
voter,7
dizaines,3
croyant,2
anticapitalisme,1
victime,5
longuet,1
résoudre,4
sexes,1
disant,12
population,12
résultat,2
enseignements,1
slovénie,1
sociétales,1
agissait,3
connu,2
conçus,1
devedjian,1
syrie,15
marcher,1
conviction,2
conçue,1
confier,1
supprime,1
souveraines,1
motion,2
absorption,1
vite,4
opposer,3
réseaux,4
partirons,1
arrêterai,1
mode,3
semaines,3
hissera,1
alliances,2
autocensure,1
messieurs,5
exigeraient,1
jungle,2
tenez,4
compétence,1
moscovici,1
avions,6
budgétaires,1
interdiction,3
ferry,2
décrédibilisé,1
complexe,4
dessein,3
publication,1
emploient,1
centaines,4
restent,2
rapport,9
parallèlement,2
seine,2
normalisation,1
écoles,3
préparons,1
demanderait,1
fiers,4
mirage,1
arrange,2
militantes,1
partagé,1
incapables,1
constance,2
insu,1
souhaitables,1
période,2
démis,1
chaos,3
effondrement,2
immigrationistes,1
promotion,1
discrimination,1
classiques,1
jugement,2
harmonieuse,1
solidarité,5
détournements,1
injurieux,1
lisbonne,2
étonnée,1
madame,58
intervenants,1
individualisme,2
bourges,2
imposent,3
tient,4
barbare,1
étonnés,1
tiens,8
mélenchon,5
élevé,1
régionaux,3
langage,2
croient,1
terme,17
phénomène,1
anglo,2
donnée,5
auparavant,1
enfers,1
salle,1
précédent,4
suffisent,1
codes,2
oublient,2
publiquement,2
industrielles,1
murs,1
indécent,4
aucun,1
municipalités,7
enlèvements,3
solidaire,1
métier,2
puissent,5
mondialisation,26
pseudo,5
bricolage,3
immédiat,1
hitlerum,1
grecque,1
grave,4
changera,2
insupportables,1
innocence,4
zélé,1
rêvé,2
dictature,2
elle,16
diversions,1
succèdent,2
supérieures,1
corse,2
enrichir,4
amour,4
conscience,10
fourches,1
accordant,1
financières,1
satisfaisons,1
morales,1
renforcé,1
mitterrand,4
verbe,1
incarnez,1
réclamons,1
diplomatie,5
carrière,1
saviez,1
souterraine,1
montigny,2
arrêtant,1
procureur,2
considération,2
village,2
applaudissements,1
envisager,2
indépendantes,1
réserves,1
gérer,1
dogmes,1
chauffailles,1
fraternité,6
désaccord,5
carence,1
antécédents,1
anxiogène,1
déterminée,1
reprennent,1
puise,1
subventions,3
sûreté,1
aperçoit,3
marchez,1
stériles,1
arrosé,1
accorder,6
enthousiasmant,1
fusionner,1
ouvrait,1
succomberai,1
effectuée,1
législative,4
possibilité,10
publiques,4
immigration,39
longtemps,9
améliore,1
recréons,1
catimini,1
scolarité,1
incertain,2
prestigieuses,1
débat,18
autorité,16
adhérer,2
similitudes,3
cour,5
queue,2
discriminations,1
réclamer,3
incontestablement,3
publicité,1
islamiser,1
réclamez,1
fondements,2
décennies,7
ouverture,6
resteront,2
sénateurs,3
recettes,2
laïcité,5
abrogation,2
manière,40
bachar,7
fruit,2
arrêtent,1
convaincantes,1
trouvait,1
encouragements,2
prédateur,2
toxiques,2
informations,4
paix,3
familial,1
syndicats,3
coproduction,3
choisies,1
paie,1
payer,7
réveillent,2
monnaie,18
payez,1
phrases,2
prières,1
1813,1
gardant,1
médaille,2
sarkozysme,1
positionnés,1
balader,2
prudence,1
utile,7
raccourcis,2
mercenaires,1
mensonges,6
allemand,2
récidive,3
karachi,1
unie,4
connivence,1
inventer,1
élever,1
claquant,1
produira,1
unis,15
personnelles,1
démonstration,1
marseillaise,2
suffirait,1
mériter,1
composantes,2
amène,2
décident,1
consommé,1
rapidité,1
récifs,2
dynamique,4
folie,1
sincères,1
commençait,1
monde,54
débattre,2
pinacle,1
monter,1
tomber,3
deviendront,1
réservées,1
provisoirement,1
montez,1
sociétal,1
chaude,1
sein,4
républicains,4
mettrons,1
placides,1
normes,1
apportait,1
changerait,1
faisait,8
médiocrité,3
prospère,4
sauvé,1
infatuation,1
bouger,2
danses,1
septembre,2
flageller,1
règne,3
inique,1
province,1
différence,21
municipaux,9
craignait,1
mesdames,2
cambadélis,1
protestataire,1
shirt,1
dimanche,1
électoraux,2
figé,1
noient,1
sécurité,19
remporter,1
mensonge,3
importe,3
implantations,1
prendrai,1
importations,2
tourné,1
anti,6
marqué,2
inévitables,1
vive,7
vitalité,1
musée,1
paisible,1
paradis,1
attributs,2
attend,2
égide,1
respectives,1
curriculum,1
dite,1
pages,1
ailes,1
considérez,3
reviendra,1
judiciaire,4
choisi,9
considérer,5
tête,20
port,1
extrêmes,1
scandale,1
présidentiel,1
jeune,6
personne,2
résidence,3
direction,4
contraire,9
fond,12
persister,1
journée,1
communiant,1
insinuez,2
aurai,1
déplaise,3
géniale,1
insinuer,2
susciter,2
romprai,2
tourne,2
considérait,1
suffit,5
considérais,1
fidèles,1
épanouit,1
aventure,1
déshonorait,1
trahie,1
légitimement,2
gaston,1
excusés,1
libyenne,1
bilan,3
présider,1
marque,1
taille,1
malheureux,2
réindustrialisation,2
ferez,1
assidus,1
constitués,1
perte,5
repliés,1
baisse,3
couples,1
égaux,2
entendaient,1
politique,183
fini,2
générosité,2
tirons,2
rationnel,1
confort,2
todd,1
prétend,1
puisse,14
ceux,1
sièges,1
maitriser,1
apartheid,2
éviter,5
laboratoire,1
inadmissible,2
émettre,1
supplémentaires,1
apparente,1
arif,2
connaissaient,1
politico,3
malgré,3
motivation,1
philippe,2
ville,17
contraindre,1
illégaux,1
terreur,1
aviez,1
mener,11
drame,4
quotidiennes,1
itinérants,1
oblige,6
abstenus,2
souffle,1
tire,2
terrible,8
tarder,1
grâces,1
explosion,3
survivre,2
policier,2
accuseriez,4
clause,1
apporterait,1
milieux,1
arbitre,1
gaulle,2
hénin,6
elles,4
commentaires,3
vaste,2
payante,1
criminel,2
moraliser,1
agresseurs,3
censure,2
effectué,1
insensées,1
délai,3
bruno,1
hygiène,1
impunité,4
couronner,1
flux,4
lois,16
défendait,5
sable,1
trahi,3
radical,2
cachent,3
décris,1
civilisation,2
tentative,2
condamner,3
russie,1
strict,1
différences,4
tiré,1
donner,18
devenue,4
auquel,2
rapatrier,1
donnez,2
malléable,1
reconnaîtra,1
train,19
partenariats,1
courte,1
rappelez,1
excessif,1
attributions,1
fallu,2
rappeler,6
élevage,1
supranationale,1
soutient,1
soutiens,1
multitude,1
prussiens,1
légale,4
exigeants,1
irakiennes,1
pouvoirs,3
endosse,1
fédéraliste,1
écarté,1
salariée,1
caché,1
washington,1
occupe,1
commercer,2
divergences,1
gourmandise,1
avéré,1
incroyables,1
rejettent,1
cynique,1
compreniez,1
soutiers,2
commencent,2
rappelées,1
dirigez,1
ministères,1
chartes,1
voyous,1
leurs,60
diriger,1
commettant,1
suprême,2
drogue,1
aplatir,1
professionnelle,1
entrer,1
couturé,1
gouffre,1
tabou,4
posée,3
passer,7
gagne,1
naissance,1
désobéissent,1
pousser,2
suffisait,1
bleus,1
baisserai,1
relevée,1
manqué,1
tués,3
gratuitement,1
diverses,1
dernière,6
scrutin,3
contribuables,3
soutenir,3
cache,1
parlementaires,4
totale,7
migrants,1
intégration,1
maîtrise,3
internationaux,3
juillet,3
faces,1
reculs,2
drames,1
page,1
masse,6
révélations,2
critiquent,2
faudrait,3
faillir,1
apportées,2
impérialisme,1
égales,1
saine,2
parlement,11
merkel,7
pompe,1
troisième,1
sainte,3
largement,5
fortiori,1
changeons,1
sauvage,14
rompre,4
veut,56
islamiques,5
veux,75
réservés,1
remporte,1
ligués,1
attente,2
épais,1
félicités,1
généralisée,2
endetté,1
bousquet,1
associées,1
présentation,1
néfastes,1
sauvetage,1
assauts,1
répond,2
premières,2
inspiré,1
réussira,1
automatiquement,1
déroule,3
intelligent,7
baballes,1
absurde,3
valets,1
paris,5
dépensé,1
trompions,1
votera,1
concevoir,2
relais,2
gouvernent,2
installe,1
cuillère,1
problème,56
incohérent,1
cadre,15
moindre,2
chine,6
aimerait,1
mieux,15
défendrai,1
normandie,1
œuvré,1
cure,1
aimerais,6
laid,1
voulaient,2
pression,3
leitmotiv,1
assistons,1
fins,1
pourraient,4
dramatiques,1
absence,3
obstacles,1
assignation,1
dites,14
tsunamis,1
menez,1
réorganisation,1
réclamaient,1
démagogie,2
prenait,2
européiste,4
subissons,1
chaleureuse,1
pole,1
esclave,1
regardons,4
administration,7
imagine,1
identifiés,2
politicien,1
déroulé,2
inspire,2
appartenaient,1
sylvestre,1
semaine,1
dépense,2
majoritairement,2
beau,5
passent,1
transferts,4
indignée,2
devenus,2
bipartisme,1
lutte,14
œuvre,25
trompent,1
recevoir,1
alerter,1
sienne,2
vives,1
retrouvez,1
plainte,2
évidemment,35
maîtresse,2
considère,13
inacceptable,1
hasard,2
communautés,1
calquer,1
supplie,1
guillemets,1
soulever,1
bourgs,1
divisée,1
pièces,1
